rollnumber,name,email,section
24WH1A0401,YATIRAJULU HANSIKA,24WH1A0401@bvrithyderabad.edu.in,ECE-A
24WH1A0402,N LALITHA,24WH1A0402@bvrithyderabad.edu.in,ECE-A
24WH1A0403,PENUMATCHA SARAYU,24WH1A0403@bvrithyderabad.edu.in,ECE-A
24WH1A0404,JAYANI SURYA,24WH1A0404@bvrithyderabad.edu.in,ECE-A
24WH1A0405,RATHLAVATH ANITHA,24WH1A0405@bvrithyderabad.edu.in,ECE-A
24WH1A0406,GADDAM AKSHAYA,24WH1A0406@bvrithyderabad.edu.in,ECE-A
24WH1A0407,GORRIPATI SAHASRA VARSHINI,24WH1A0407@bvrithyderabad.edu.in,ECE-A
24WH1A0408,PENDRAM SRINIKA,24WH1A0408@bvrithyderabad.edu.in,ECE-A
24WH1A0409,K.PRIYANKA,24WH1A0409@bvrithyderabad.edu.in,ECE-A
24WH1A0410,SAKHAMURI BHAVISHYA,24WH1A0410@bvrithyderabad.edu.in,ECE-A
24WH1A0411,AMGOTH ANUSHA,24WH1A0411@bvrithyderabad.edu.in,ECE-A
24WH1A0412,TAYYABA SHAIK,24WH1A0412@bvrithyderabad.edu.in,ECE-A
24WH1A0413,KURMATI SOWGANDIKA,24WH1A0413@bvrithyderabad.edu.in,ECE-A
24WH1A0414,PRASANNA CH,24WH1A0414@bvrithyderabad.edu.in,ECE-A
24WH1A0415,BOPPANA SRI NEHA,24WH1A0415@bvrithyderabad.edu.in,ECE-A
24WH1A0416,D S K MANOGNYA,24WH1A0416@bvrithyderabad.edu.in,ECE-A
24WH1A0417,AEDULA VAISHNAVI,24WH1A0417@bvrithyderabad.edu.in,ECE-A
24WH1A0418,POTAL TEJASWINI,24WH1A0418@bvrithyderabad.edu.in,ECE-A
24WH1A0419,R SAI NIDHI,24WH1A0419@bvrithyderabad.edu.in,ECE-A
24WH1A0420,AELLAKONDA MALAVIKA,24WH1A0420@bvrithyderabad.edu.in,ECE-A
24WH1A0421,MANCHI RAKSHITHA,24WH1A0421@bvrithyderabad.edu.in,ECE-A
24WH1A0422,DEEPSHIKHA SAANVI,24WH1A0422@bvrithyderabad.edu.in,ECE-A
24WH1A0423,D HARINI,24WH1A0423@bvrithyderabad.edu.in,ECE-A
24WH1A0424,BOMMAGANI SAI SREEJA,24WH1A0424@bvrithyderabad.edu.in,ECE-A
24WH1A0425,KAMBAM CHARITHA,24WH1A0425@bvrithyderabad.edu.in,ECE-A
24WH1A0426,THUDICHERLA MAHIKA PREETHI,24WH1A0426@bvrithyderabad.edu.in,ECE-A
24WH1A0427,KATARI NEEHARIKA,24WH1A0427@bvrithyderabad.edu.in,ECE-A
24WH1A0428,YARAGANI NAVYA SREE,24WH1A0428@bvrithyderabad.edu.in,ECE-A
24WH1A0429,VUKAM MANUSRI,24WH1A0429@bvrithyderabad.edu.in,ECE-A
24WH1A0430,C VINITHA,24WH1A0430@bvrithyderabad.edu.in,ECE-A
24WH1A0431,PRANEETHA SREERAM,24WH1A0431@bvrithyderabad.edu.in,ECE-A
24WH1A0432,SAVARAPU HARSHITHA,24WH1A0432@bvrithyderabad.edu.in,ECE-A
24WH1A0433,R JAYASREE,24WH1A0433@bvrithyderabad.edu.in,ECE-A
24WH1A0434,KSHERASAGAR BASHITHA,24WH1A0434@bvrithyderabad.edu.in,ECE-A
24WH1A0435,MESALA SAMSKRUTHI,24WH1A0435@bvrithyderabad.edu.in,ECE-A
24WH1A0436,CH MEGHANA,24WH1A0436@bvrithyderabad.edu.in,ECE-A
24WH1A0437,TOOLABANDI SHANMUKHA PRIYA,24WH1A0437@bvrithyderabad.edu.in,ECE-A
24WH1A0438,SANIA MUBEEN,24WH1A0438@bvrithyderabad.edu.in,ECE-A
24WH1A0439,SILVERI HARSHITHA,24WH1A0439@bvrithyderabad.edu.in,ECE-A
24WH1A0440,KATIKAM SAHITHI,24WH1A0440@bvrithyderabad.edu.in,ECE-A
24WH1A0441,LINGALA VAISHNAVI,24WH1A0441@bvrithyderabad.edu.in,ECE-A
24WH1A0442,HARSHITHA KOTTAPALLI,24WH1A0442@bvrithyderabad.edu.in,ECE-A
24WH1A0443,KESHAMONI KAVYA,24WH1A0443@bvrithyderabad.edu.in,ECE-A
24WH1A0444,KODURUPAKA MEGHANA,24WH1A0444@bvrithyderabad.edu.in,ECE-A
24WH1A0445,LASYA KATREDDY,24WH1A0445@bvrithyderabad.edu.in,ECE-A
24WH1A0446,SOMASANI SAHITHI,24WH1A0446@bvrithyderabad.edu.in,ECE-A
24WH1A0447,BASWANI SARIKA,24WH1A0447@bvrithyderabad.edu.in,ECE-A
24WH1A0448,PENMETSA LIKITHA VARMA,24WH1A0448@bvrithyderabad.edu.in,ECE-A
24WH1A0449,KAMBE SNEHITHA,24WH1A0449@bvrithyderabad.edu.in,ECE-A
24WH1A0450,YALAMANCHALI SAHASRA,24WH1A0450@bvrithyderabad.edu.in,ECE-A
24WH1A0451,A DHARANI,24WH1A0451@bvrithyderabad.edu.in,ECE-A
24WH1A0452,VAIDYA SHARANYA,24WH1A0452@bvrithyderabad.edu.in,ECE-A
24WH1A0453,CHAKALI RESHMA,24WH1A0453@bvrithyderabad.edu.in,ECE-A
24WH1A0454,B SIRI,24WH1A0454@bvrithyderabad.edu.in,ECE-A
24WH1A0455,SHAHEEN SULTANA,24WH1A0455@bvrithyderabad.edu.in,ECE-A
24WH1A0456,DOREPALLY SREENIDHI,24WH1A0456@bvrithyderabad.edu.in,ECE-A
24WH1A0457,KALLE VENNEELA VARSHINI,24WH1A0457@bvrithyderabad.edu.in,ECE-A
24WH1A0458,RAYICHETTI PREETHIKA,24WH1A0458@bvrithyderabad.edu.in,ECE-A
24WH1A0459,MOHAMMAD SOFIYA PARVEZ,24WH1A0459@bvrithyderabad.edu.in,ECE-A
24WH1A0460,VADAKOPPULA NIHARIKA,24WH1A0460@bvrithyderabad.edu.in,ECE-A
24WH1A0461,KANCHARI SHIVAPREETHI,24WH1A0461@bvrithyderabad.edu.in,ECE-A
24WH1A0465,PERUGU SHARMISTA,24WH1A0465@bvrithyderabad.edu.in,ECE-B
24WH1A0466,RAMAVATH ARCHANA,24WH1A0466@bvrithyderabad.edu.in,ECE-B
24WH1A0467,GUDIPARTHI GEETHIKA,24WH1A0467@bvrithyderabad.edu.in,ECE-B
24WH1A0468,KOTHA VAISHNAVI,24WH1A0468@bvrithyderabad.edu.in,ECE-B
24WH1A0469,GUDAPURI BHAVITHA,24WH1A0469@bvrithyderabad.edu.in,ECE-B
24WH1A0470,M HIMAJAA REDDY,24WH1A0470@bvrithyderabad.edu.in,ECE-B
24WH1A0471,BUDITHI SRI SAI MADHULALITHA,24WH1A0471@bvrithyderabad.edu.in,ECE-B
24WH1A0472,GARIKA INDU,24WH1A0472@bvrithyderabad.edu.in,ECE-B
24WH1A0473,SANDLI SREE VAISHNAVI GOUD,24WH1A0473@bvrithyderabad.edu.in,ECE-B
24WH1A0474,NAINI MOKSHA,24WH1A0474@bvrithyderabad.edu.in,ECE-B
24WH1A0475,KONETI SUSHMA,24WH1A0475@bvrithyderabad.edu.in,ECE-B
24WH1A0476,TUMPUDI SRIPADA AKSHAYA,24WH1A0476@bvrithyderabad.edu.in,ECE-B
24WH1A0477,KATLA MAHALAXMI,24WH1A0477@bvrithyderabad.edu.in,ECE-B
24WH1A0478,KORRA SWAROOPA RANI,24WH1A0478@bvrithyderabad.edu.in,ECE-B
24WH1A0479,THATIPAMULA KEERTHANA,24WH1A0479@bvrithyderabad.edu.in,ECE-B
24WH1A0480,KIRUTHIKA AANANDHARAJ,24WH1A0480@bvrithyderabad.edu.in,ECE-B
24WH1A0481,MANUPATI PUSHPA,24WH1A0481@bvrithyderabad.edu.in,ECE-B
24WH1A0482,SADDANAPU HIMA SHREE,24WH1A0482@bvrithyderabad.edu.in,ECE-B
24WH1A0483,SOMA NEETHU,24WH1A0483@bvrithyderabad.edu.in,ECE-B
24WH1A0484,PYARLA SRAVANTHI,24WH1A0484@bvrithyderabad.edu.in,ECE-B
24WH1A0485,KRISHNI PRAPULLA TELLA,24WH1A0485@bvrithyderabad.edu.in,ECE-B
24WH1A0486,ANANTHULA RISHITHA,24WH1A0486@bvrithyderabad.edu.in,ECE-B
24WH1A0487,ASHANOLLA SUPRIYA,24WH1A0487@bvrithyderabad.edu.in,ECE-B
24WH1A0488,NAMALA SAI SAMEEKSHA,24WH1A0488@bvrithyderabad.edu.in,ECE-B
24WH1A0489,VEERAMALLY HASINI,24WH1A0489@bvrithyderabad.edu.in,ECE-B
24WH1A0490,VOTARIKARI LAXMI PRASANNA,24WH1A0490@bvrithyderabad.edu.in,ECE-B
24WH1A0491,PALLANOORI NAMRATHA RAJ GOUD,24WH1A0491@bvrithyderabad.edu.in,ECE-B
24WH1A0492,MANGAPURAM VEEKSHA REDDY,24WH1A0492@bvrithyderabad.edu.in,ECE-B
24WH1A0493,JELLA RICHITHA,24WH1A0493@bvrithyderabad.edu.in,ECE-B
24WH1A0494,GAJJALA SAI SREE,24WH1A0494@bvrithyderabad.edu.in,ECE-B
24WH1A0495,BONDILI MEGHANA BAI,24WH1A0495@bvrithyderabad.edu.in,ECE-B
24WH1A0496,ZEENATH TABASSUM,24WH1A0496@bvrithyderabad.edu.in,ECE-B
24WH1A0497,KODALI PAVANI,24WH1A0497@bvrithyderabad.edu.in,ECE-B
24WH1A0498,SANGEPU GIRISHA,24WH1A0498@bvrithyderabad.edu.in,ECE-B
24WH1A0499,THUMMALA HARATHI,24WH1A0499@bvrithyderabad.edu.in,ECE-B
24WH1A04A0,GAJJALA JAYASREE,24WH1A04A0@bvrithyderabad.edu.in,ECE-B
24WH1A04A1,KEMA SAI YOSHITHA,24WH1A04A1@bvrithyderabad.edu.in,ECE-B
24WH1A04A2,J SAVITHRI,24WH1A04A2@bvrithyderabad.edu.in,ECE-B
24WH1A04A3,SAI SRAVANI KOTTAPALLI,24WH1A04A3@bvrithyderabad.edu.in,ECE-B
24WH1A04A4,KARANAM GOWTAMI,24WH1A04A4@bvrithyderabad.edu.in,ECE-B
24WH1A04A5,YATA KAVITHA SREE,24WH1A04A5@bvrithyderabad.edu.in,ECE-B
24WH1A04A6,RAMREDDYGARI SHLOKA REDDY,24WH1A04A6@bvrithyderabad.edu.in,ECE-B
24WH1A04A7,VANGURI SUKEERTHI,24WH1A04A7@bvrithyderabad.edu.in,ECE-B
24WH1A04A8,KUNDURU SATHVIKA,24WH1A04A8@bvrithyderabad.edu.in,ECE-B
24WH1A04A9,THAKUR DURGA HARSHINI,24WH1A04A9@bvrithyderabad.edu.in,ECE-B
24WH1A04B0,GORANTLA NITYA HASINI,24WH1A04B0@bvrithyderabad.edu.in,ECE-B
24WH1A04B1,MADDULA PARVATHI NAGA SAI SRI SEVITHA,24WH1A04B1@bvrithyderabad.edu.in,ECE-B
24WH1A04B2,VATSAVAYA SRI VEDA,24WH1A04B2@bvrithyderabad.edu.in,ECE-B
24WH1A04B3,AMANCHA DHANUSYASREE,24WH1A04B3@bvrithyderabad.edu.in,ECE-B
24WH1A04B4,SAHITHI NAGA CHEBIYYAM,24WH1A04B4@bvrithyderabad.edu.in,ECE-B
24WH1A04B5,KAASHIFA NOOR,24WH1A04B5@bvrithyderabad.edu.in,ECE-B
24WH1A04B6,CHINTALA MADHU PRIYA,24WH1A04B6@bvrithyderabad.edu.in,ECE-B
24WH1A04B7,MADAPATHI SHWETHANJALI,24WH1A04B7@bvrithyderabad.edu.in,ECE-B
24WH1A04B8,DATRIKA TEJASWI,24WH1A04B8@bvrithderabad.edu.in,ECE-B
24WH1A04B9,PRACHI CHAKRE,24WH1A04B9@bvrithyderabad.edu.in,ECE-B
24WH1A04C0,GAMASU NAVYA,24WH1A04C0@bvrithyderabad.edu.in,ECE-B
24WH1A04C1,VANKA YAMINI,24WH1A04C1@bvrithyderabad.edu.in,ECE-B
24WH1A04C2,SERU SHIVANI,24WH1A04C2@bvrithyderabad.edu.in,ECE-B
24WH1A04C3,CHUNCHU LAXMI HARIKA,24WH1A04C3@bvrithyderabad.edu.in,ECE-B
24WH1A04C4,NALIGETI NANDINI,24WH1A04C4@bvrithyderabad.edu.in,ECE-B
24WH1A04C5,KATRAVULAPALI SANTOSHI NAGA SPRUTHI,24WH1A04C5@bvrithyderabad.edu.in,ECE-B
24WH1A04C6,GUDUGUNTLA USHA,24WH1A04C6@bvrithyderabad.edu.in,ECE-B
