Teacher Name,MaxHoursPerWeek,Course Name,Course ID,phone,email
Dr. S L Aruna Rao,3,Cryptography and Network Security,CS701PC,9553605898,cse.hod@bvrithyderabad.edu.in
Prof. R S Murali Nath,6,Discrete Mathematics,CS303PC,9848091992,muralinath.rs@bvrithyderabad.edu.in
Dr.R Suneetha Rani,9,Data Mining; Computer Organization & Operating Systems; Cryptography and Network Security Lab,,7075163248,suneetharani.r@bvrithyderabad.edu.in
Dr. G. Naga Satish,3,Data Analytics,,9618319616,nagasatish.g@bvrithyderabad.edu.in
Dr. M. Indrasena Reddy,12,Data Structures; Data Structures Lab,CS302PC; CS306PC,,
Ms. D. Swapna,12,Compiler Design; Compiler Design Lab; Data Visualization Lab,CS702PC; CS705PC; CS309PC,9177322252,swapna.d@bvrithyderabad.edu.in
Dr. B. Venkatesh,15,Programming for Problem Solving; Graph Theory; Project Stage-I; HCL TRAINING,CS103ES; ; CS706PC;,9963311377,venkatesh.b@bvrithyderabad.edu.in
Dr. Prasanth Vaidya,5,Cryptography and Network Security; Cryptography and Network Security Lab; Project Stage - I,CS701PC; CS704PC; CS706PC,9652733636,prasanthvaidya.s@bvrithyderabad.edu.in
Dr. M. Shanmuga Sundari,9,Programming for Problem Solving; Programming for Problem Solving Lab,CS103ES; CS108ES,9100447815,sundari.m@bvrithyderabad.edu.in
Dr. C. Nagaraju,18,Computer Networks; Computer Networks Lab; Coding Practice,CS502PC; CS507PC;,8861996851,nagaraju.c@bvrithyderabad.edu.in
Dr. V. Surya Narayana Reddy,14,Advanced Algorithms; Data visualization-R Programming/Power BI Lab; Coding Practice,; CS309PC;,,
Dr. Kanaka Vardhini,9,Object Oriented Programming through Java; Object Oriented Programming through Java Lab; Project Stage - I,CS305PC; CS307PC; CS706PC,9704543248,kanakavardhini.k@bvrithyderabad.edu.in
Ms. B. Nagaveni,7,Design and Analysis of Algorithms; Data Structures Lab; Training,CS501PC; CS306PC;,9703218899,nagaveni.b@bvrithyderabad.edu.in
Mr. K. Bhargav Ram,12,DevOps; DevOps Lab; Software Engineering; Data visualization-R Programming/Power BI,CS503PC; CS504PC; CS401PC; CS309PC,9160329739,bhargavram.k@bvrithyderabad.edu.in
Mr. M. Dyva Sugnana Rao,6,Data Structures; Data Structures Lab,CS302PC; CS306PC,9603830970,sugnanarao.m@bvrithyderabad.edu.in
Ms. E G Padmavati,12,UI design-Flutter Lab; Cloud Computing; DevOps Lab,CS506PC;; CS504PC,8088977999,padmavati.e@bvrithyderabad.edu.in
Ms. Suparna Das,16,DevOps; DevOps Lab; Scripting Languages; Object Oriented Programming through Java Lab; R Programming Lab; Data visualization-R Programming/Power BI,CS503PC; CS504PC;; CS307PC;; CS309PC,9614135599,suparna.das@bvrithyderabad.edu.in
Ms T. Durga Devi,16,DevOps; DevOps Lab; Cryptography and Network security Lab; Database Management Systems; Database Management Systems Lab; Coding Practice,CS503PC; CS504PC; CS704PC; CS304PC; CS308PC;,9963555439,durgadevi.t@bvrithyderabad.edu.in
Ms. S.Vidyullatha,16,UI design- Flutter; Discrete Mathematics; Data Structures Lab; Data visualization-R Programming/Power BI; Introduction of Data Science,CS506PC; CS303PC; CS306PC; CS309PC;,9394575869,vidyullatha.s@bvrithyderabad.edu.in
Ms. KBKS Durga,18,Programming for Problem Solving; Programming for Problem Solving Lab,CS103ES; CS108ES,8801044143,durgakbks@bvrithyderabad.edu.in
Ms. K.Neha,14,Object Oriented Programming through Java; Object Oriented Programming through Java Lab; Data visualization-R Programming/Power BI,CS305PC; CS307PC; CS309PC,8008268884,neha.k@bvrithyderabad.edu.in
Ms. M Lakshmi Prasudha,15,Data Structures; Data Structures Lab,CS302PC; CS306PC,9700588347,lakshmiprasudha.m@bvrithyderabad.edu.in
Ms. V. Manya,18,Computer Networks; Computer Networks Lab; Data visualization-R Programming/Power BI; DevOps Lab; Data Structures Lab; Coding practice,CS502PC; CS507PC; CS309PC; CS504PC; CS306PC;,7075321308,manya.v@bvrithyderabad.edu.in
Ms. J.Jhansi Goud,13,Data Analytics; Data visualization-R Programming/Power BI; Data Structures Lab,,9030771275,jhansi.j@bvrithyderabad.edu.in
Mr. K. Naresh,12,Object Oriented Programming through Java; Object Oriented Programming through Java Lab,CS305PC; CS307PC,9989803310,naresh.k@bvrithyderabad.edu.in
Mr. M. Naga Sriharsha,6,Data Structures; Data Structures Lab,CS302PC; CS306PC,9908055084,naga sriharsha.m@bvrithyderabad.edu.in
Ms. M. Sahaja,14,Data Mining; UI design-Flutter Lab; Data visualization-R Programming/Power BI,,9550143865,sahaja.m@bvrithyderabad.edu.in
Ms. P Surya Bharathi,18,Programming for Problem Solving; Programming for Problem Solving Lab,CS103ES; CS108ES,9490764666,bharathi.p@bvrithyderabad.edu.in
Ms. T. Jhansi Renuka,16,Cloud Computing; Design and Analysis of Algorithms; Cryptography and Network Security Lab; Compiler Design Lab; Coding practice,,9000781166,jhansirenuka.t@bvrithyderabad.edu.in
Ms. B. Pushpa,10,Advanced Algorithms; UI design-Flutter Lab; Data visualization-R Programming/Power BI Lab,,9949749844,pushpa.b@bvrithyderabad.edu.in
Ms. G. Rashmitha,8,Database Management Systems Lab; Programming for Problem Solving,CS308PC; CS103ES,9063160407,rashmitha.g@bvrithyderabad.edu.in
Ms. G. Chandana Priya,9,Database Management Systems; Database Management Systems Lab; Compiler Design Lab,CS304PC; CS308PC; CS705PC,9885264085,gchandanapriya85@gmail.com
Ms. M. Sandhya Vani,15,Cloud Computing; Coding Practice; Devops Lab; Database Management Systems Lab; Database Management Systems,,9542455985,sandhyavani.m@bvrithyderabad.edu.in
Mr. N. Raghava Rao,16,Design and Analysis of Algorithms; Compiler Design Lab; Coding practice; Discrete Mathematics; Object Oriented Programming through Java Lab,CS501PC; CS705PC; CS303PC; CS307PC,9000318027,raghavarao.n@bvrithyderabad.edu.in
Ms. V. Aneesha,15,Cryptography and network Security; Cryptography and network Security Lab; Database Management Systems Lab; Coding Practice,CS701PC; CS704PC; CS308PC;,9912352227,aneesha.v@bvrithyderabad.edu.in
Ms. G. Rama Devi,16,Database Management Systems; Database Management Systems Lab; Coding practice,CS304PC; CS308PC;,7032704755,ramadevi.g@bvrithyderabad.edu.in
Mr. K. Rajesh,3,Compiler Design,CS702PC,9505060105,rajesh.k@bvrithyderabad.edu.in
Ms. M Sri Sevitha,9,Data Structures Lab; Deep Learning; Deep Learning Lab,CS306PC;;,9948020059,srisevitha.m@bvrithyderabad.edu.in
Ms. S Rama Devi,9,Operating Systems; Object Oriented Programming through Java; Object Oriented Programming through Java Lab,CS403PC; CS305PC; CS307PC,9866511230,ramadevi.s@bvrithyderabad.edu.in
Ms. D Sangeetha,14,Object Oriented Programming through Java; Object Oriented Programming through Java Lab; Discrete Mathematics; Database Management Systems Lab,CS305PC; CS307PC; CS303PC; CS308PC,9966581857,sangeetha.d@bvrithyderabad.edu.in
Ms. K Vineela,12,Database Management Systems; Database Management Systems Lab; Pattern recognitions,CS304PC; CS308PC;,9052022235,vineela.k@bvrithyderabad.edu.in
Mr. C Rajeev,12,Programming for Problem Solving Lab,CS108ES,9701435106,rajeev.c@bvrithyderabad.edu.in
